<?xml version="1.0" encoding="UTF-8"?>
<export version="D">
  <design>
    <source>C:\VIKINGS\master-controller\Expansion-PCB\mc-expansion\mc-expansion.sch</source>
    <date>19-11-2020 11:50:10</date>
    <tool>Eeschema (5.1.6)-1</tool>
    <sheet number="1" name="/" tstamps="/">
      <title_block>
        <title>Master Controller ADC Expansion</title>
        <company>JFH &amp; SRM</company>
        <rev>1.0</rev>
        <date>2020-11-05</date>
        <source>mc-expansion.sch</source>
        <comment number="1" value=""/>
        <comment number="2" value=""/>
        <comment number="3" value=""/>
        <comment number="4" value=""/>
      </title_block>
    </sheet>
  </design>
  <components>
    <comp ref="U1">
      <value>MCP6L02x-xSN</value>
      <footprint>Vikings_devices:SOIC127P600X175-16N</footprint>
      <datasheet>http://ww1.microchip.com/downloads/en/DeviceDoc/21298e.pdf</datasheet>
      <fields>
        <field name="Arrow Part Number">MCP3208-CI/SL</field>
        <field name="Arrow Price/Stock">https://www.arrow.com/en/products/mcp3208-cisl/microchip-technology</field>
        <field name="Description">12bit A-Dconverter,MCP3208-CI/SL TSSOP16</field>
        <field name="Height">1.75</field>
        <field name="Manufacturer_Name">Microchip</field>
        <field name="Manufacturer_Part_Number">MCP3208-CI/SL</field>
        <field name="Mouser Part Number">579-MCP3208CISL</field>
        <field name="Mouser Price/Stock">https://www.mouser.co.uk/ProductDetail/Microchip-Technology/MCP3208-CI-SL?qs=BYQkrObauitTKFi1HLZPqw%3D%3D</field>
      </fields>
      <libsource lib="Vikings_actives" part="MCP3208-CI_SL" description="12bit A-Dconverter,MCP3208-CI/SL TSSOP16"/>
      <sheetpath names="/" tstamps="/"/>
      <tstamp>5F6E943B</tstamp>
    </comp>
    <comp ref="C1">
      <value>100 nF</value>
      <footprint>Capacitor_SMD:C_0603_1608Metric</footprint>
      <datasheet>~</datasheet>
      <libsource lib="Device" part="C" description="Unpolarized capacitor"/>
      <sheetpath names="/" tstamps="/"/>
      <tstamp>5F6E944F</tstamp>
    </comp>
    <comp ref="C2">
      <value>4.7 µF</value>
      <footprint>Capacitor_SMD:C_0603_1608Metric</footprint>
      <datasheet>~</datasheet>
      <libsource lib="Device" part="C" description="Unpolarized capacitor"/>
      <sheetpath names="/" tstamps="/"/>
      <tstamp>5F6E9455</tstamp>
    </comp>
    <comp ref="D1">
      <value>ESD5Z5.0T1G</value>
      <footprint>Vikings_devices:SODFL1608X70N</footprint>
      <datasheet>http://www.onsemi.com/pub/Collateral/ESD5Z2.5T1-D.PDF</datasheet>
      <fields>
        <field name="Arrow Part Number">ESD5Z12T1G</field>
        <field name="Arrow Price/Stock">https://www.arrow.com/en/products/esd5z12t1g/on-semiconductor</field>
        <field name="Height">0.7</field>
        <field name="Manufacturer_Name">ON Semiconductor</field>
        <field name="Manufacturer_Part_Number">ESD5Z12T1G</field>
        <field name="Mouser Part Number">863-ESD5Z12T1G</field>
        <field name="Mouser Price/Stock">https://www.mouser.co.uk/ProductDetail/ON-Semiconductor/ESD5Z12T1G?qs=2OtswVQKCOGXcPEz0%252Bii5A%3D%3D</field>
      </fields>
      <libsource lib="Vikings_passives" part="ESD5Z5.0T1G" description=""/>
      <sheetpath names="/" tstamps="/"/>
      <tstamp>5FA15419</tstamp>
    </comp>
    <comp ref="R5">
      <value>6.98k</value>
      <footprint>Resistor_SMD:R_0603_1608Metric</footprint>
      <datasheet>~</datasheet>
      <libsource lib="Device" part="R" description="Resistor"/>
      <sheetpath names="/" tstamps="/"/>
      <tstamp>5F8A2FD6</tstamp>
    </comp>
    <comp ref="C11">
      <value>56 nF</value>
      <footprint>Capacitor_SMD:C_0603_1608Metric</footprint>
      <datasheet>~</datasheet>
      <libsource lib="Device" part="C" description="Unpolarized capacitor"/>
      <sheetpath names="/" tstamps="/"/>
      <tstamp>5F8A2FC4</tstamp>
    </comp>
    <comp ref="C15">
      <value>33 nF</value>
      <footprint>Capacitor_SMD:C_0603_1608Metric</footprint>
      <datasheet>~</datasheet>
      <libsource lib="Device" part="C" description="Unpolarized capacitor"/>
      <sheetpath names="/" tstamps="/"/>
      <tstamp>5F8A2FBE</tstamp>
    </comp>
    <comp ref="R13">
      <value>8.66k</value>
      <footprint>Resistor_SMD:R_0603_1608Metric</footprint>
      <datasheet>~</datasheet>
      <libsource lib="Device" part="R" description="Resistor"/>
      <sheetpath names="/" tstamps="/"/>
      <tstamp>5F8A2FB8</tstamp>
    </comp>
    <comp ref="R9">
      <value>8.66k</value>
      <footprint>Resistor_SMD:R_0603_1608Metric</footprint>
      <datasheet>~</datasheet>
      <libsource lib="Device" part="R" description="Resistor"/>
      <sheetpath names="/" tstamps="/"/>
      <tstamp>5F8A2FB2</tstamp>
    </comp>
    <comp ref="C19">
      <value>15 nF</value>
      <footprint>Capacitor_SMD:C_0603_1608Metric</footprint>
      <datasheet>~</datasheet>
      <libsource lib="Device" part="C" description="Unpolarized capacitor"/>
      <sheetpath names="/" tstamps="/"/>
      <tstamp>5F8A2F85</tstamp>
    </comp>
    <comp ref="U2">
      <value>MCP6L02x-xSN</value>
      <footprint>Package_SO:SOIC-8_3.9x4.9mm_P1.27mm</footprint>
      <datasheet>http://ww1.microchip.com/downloads/en/devicedoc/22140b.pdf</datasheet>
      <libsource lib="Amplifier_Operational" part="MCP6L02x-xSN" description="Dual, 1 MHz, 85µA, Rail-to-Rail input and ouput SOIC-8"/>
      <sheetpath names="/" tstamps="/"/>
      <tstamp>5F87E777</tstamp>
    </comp>
    <comp ref="R1">
      <value>0R</value>
      <footprint>Resistor_SMD:R_0603_1608Metric</footprint>
      <datasheet>~</datasheet>
      <libsource lib="Device" part="R" description="Resistor"/>
      <sheetpath names="/" tstamps="/"/>
      <tstamp>5FDECA23</tstamp>
    </comp>
    <comp ref="D2">
      <value>ESD5Z5.0T1G</value>
      <footprint>Vikings_devices:SODFL1608X70N</footprint>
      <datasheet>http://www.onsemi.com/pub/Collateral/ESD5Z2.5T1-D.PDF</datasheet>
      <fields>
        <field name="Arrow Part Number">ESD5Z12T1G</field>
        <field name="Arrow Price/Stock">https://www.arrow.com/en/products/esd5z12t1g/on-semiconductor</field>
        <field name="Height">0.7</field>
        <field name="Manufacturer_Name">ON Semiconductor</field>
        <field name="Manufacturer_Part_Number">ESD5Z12T1G</field>
        <field name="Mouser Part Number">863-ESD5Z12T1G</field>
        <field name="Mouser Price/Stock">https://www.mouser.co.uk/ProductDetail/ON-Semiconductor/ESD5Z12T1G?qs=2OtswVQKCOGXcPEz0%252Bii5A%3D%3D</field>
      </fields>
      <libsource lib="Vikings_passives" part="ESD5Z5.0T1G" description=""/>
      <sheetpath names="/" tstamps="/"/>
      <tstamp>5FF8F6BE</tstamp>
    </comp>
    <comp ref="R6">
      <value>6.98k</value>
      <footprint>Resistor_SMD:R_0603_1608Metric</footprint>
      <datasheet>~</datasheet>
      <libsource lib="Device" part="R" description="Resistor"/>
      <sheetpath names="/" tstamps="/"/>
      <tstamp>5FF8F6D4</tstamp>
    </comp>
    <comp ref="C12">
      <value>56 nF</value>
      <footprint>Capacitor_SMD:C_0603_1608Metric</footprint>
      <datasheet>~</datasheet>
      <libsource lib="Device" part="C" description="Unpolarized capacitor"/>
      <sheetpath names="/" tstamps="/"/>
      <tstamp>5FF8F6E6</tstamp>
    </comp>
    <comp ref="C16">
      <value>33 nF</value>
      <footprint>Capacitor_SMD:C_0603_1608Metric</footprint>
      <datasheet>~</datasheet>
      <libsource lib="Device" part="C" description="Unpolarized capacitor"/>
      <sheetpath names="/" tstamps="/"/>
      <tstamp>5FF8F6EC</tstamp>
    </comp>
    <comp ref="R14">
      <value>8.66k</value>
      <footprint>Resistor_SMD:R_0603_1608Metric</footprint>
      <datasheet>~</datasheet>
      <libsource lib="Device" part="R" description="Resistor"/>
      <sheetpath names="/" tstamps="/"/>
      <tstamp>5FF8F6F2</tstamp>
    </comp>
    <comp ref="R10">
      <value>8.66k</value>
      <footprint>Resistor_SMD:R_0603_1608Metric</footprint>
      <datasheet>~</datasheet>
      <libsource lib="Device" part="R" description="Resistor"/>
      <sheetpath names="/" tstamps="/"/>
      <tstamp>5FF8F6F8</tstamp>
    </comp>
    <comp ref="C20">
      <value>15 nF</value>
      <footprint>Capacitor_SMD:C_0603_1608Metric</footprint>
      <datasheet>~</datasheet>
      <libsource lib="Device" part="C" description="Unpolarized capacitor"/>
      <sheetpath names="/" tstamps="/"/>
      <tstamp>5FF8F70E</tstamp>
    </comp>
    <comp ref="R19">
      <value>147 R</value>
      <footprint>Resistor_SMD:R_0603_1608Metric</footprint>
      <datasheet>~</datasheet>
      <libsource lib="Device" part="R" description="Resistor"/>
      <sheetpath names="/" tstamps="/"/>
      <tstamp>5FF8F714</tstamp>
    </comp>
    <comp ref="D3">
      <value>ESD5Z5.0T1G</value>
      <footprint>Vikings_devices:SODFL1608X70N</footprint>
      <datasheet>http://www.onsemi.com/pub/Collateral/ESD5Z2.5T1-D.PDF</datasheet>
      <fields>
        <field name="Arrow Part Number">ESD5Z12T1G</field>
        <field name="Arrow Price/Stock">https://www.arrow.com/en/products/esd5z12t1g/on-semiconductor</field>
        <field name="Height">0.7</field>
        <field name="Manufacturer_Name">ON Semiconductor</field>
        <field name="Manufacturer_Part_Number">ESD5Z12T1G</field>
        <field name="Mouser Part Number">863-ESD5Z12T1G</field>
        <field name="Mouser Price/Stock">https://www.mouser.co.uk/ProductDetail/ON-Semiconductor/ESD5Z12T1G?qs=2OtswVQKCOGXcPEz0%252Bii5A%3D%3D</field>
      </fields>
      <libsource lib="Vikings_passives" part="ESD5Z5.0T1G" description=""/>
      <sheetpath names="/" tstamps="/"/>
      <tstamp>5FFE2248</tstamp>
    </comp>
    <comp ref="R7">
      <value>NC</value>
      <footprint>Resistor_SMD:R_0603_1608Metric</footprint>
      <datasheet>~</datasheet>
      <libsource lib="Device" part="R" description="Resistor"/>
      <sheetpath names="/" tstamps="/"/>
      <tstamp>5FFE225E</tstamp>
    </comp>
    <comp ref="C13">
      <value>56 nF</value>
      <footprint>Capacitor_SMD:C_0603_1608Metric</footprint>
      <datasheet>~</datasheet>
      <libsource lib="Device" part="C" description="Unpolarized capacitor"/>
      <sheetpath names="/" tstamps="/"/>
      <tstamp>5FFE2270</tstamp>
    </comp>
    <comp ref="C17">
      <value>33 nF</value>
      <footprint>Capacitor_SMD:C_0603_1608Metric</footprint>
      <datasheet>~</datasheet>
      <libsource lib="Device" part="C" description="Unpolarized capacitor"/>
      <sheetpath names="/" tstamps="/"/>
      <tstamp>5FFE2276</tstamp>
    </comp>
    <comp ref="R15">
      <value>8.66k</value>
      <footprint>Resistor_SMD:R_0603_1608Metric</footprint>
      <datasheet>~</datasheet>
      <libsource lib="Device" part="R" description="Resistor"/>
      <sheetpath names="/" tstamps="/"/>
      <tstamp>5FFE227C</tstamp>
    </comp>
    <comp ref="R11">
      <value>8.66k</value>
      <footprint>Resistor_SMD:R_0603_1608Metric</footprint>
      <datasheet>~</datasheet>
      <libsource lib="Device" part="R" description="Resistor"/>
      <sheetpath names="/" tstamps="/"/>
      <tstamp>5FFE2282</tstamp>
    </comp>
    <comp ref="C21">
      <value>15 nF</value>
      <footprint>Capacitor_SMD:C_0603_1608Metric</footprint>
      <datasheet>~</datasheet>
      <libsource lib="Device" part="C" description="Unpolarized capacitor"/>
      <sheetpath names="/" tstamps="/"/>
      <tstamp>5FFE2298</tstamp>
    </comp>
    <comp ref="R21">
      <value>147 R</value>
      <footprint>Resistor_SMD:R_0603_1608Metric</footprint>
      <datasheet>~</datasheet>
      <libsource lib="Device" part="R" description="Resistor"/>
      <sheetpath names="/" tstamps="/"/>
      <tstamp>5FFE229E</tstamp>
    </comp>
    <comp ref="U3">
      <value>MCP6L02x-xSN</value>
      <footprint>Package_SO:SOIC-8_3.9x4.9mm_P1.27mm</footprint>
      <datasheet>http://ww1.microchip.com/downloads/en/devicedoc/22140b.pdf</datasheet>
      <libsource lib="Amplifier_Operational" part="MCP6L02x-xSN" description="Dual, 1 MHz, 85µA, Rail-to-Rail input and ouput SOIC-8"/>
      <sheetpath names="/" tstamps="/"/>
      <tstamp>5FFE22A4</tstamp>
    </comp>
    <comp ref="D4">
      <value>ESD5Z5.0T1G</value>
      <footprint>Vikings_devices:SODFL1608X70N</footprint>
      <datasheet>http://www.onsemi.com/pub/Collateral/ESD5Z2.5T1-D.PDF</datasheet>
      <fields>
        <field name="Arrow Part Number">ESD5Z12T1G</field>
        <field name="Arrow Price/Stock">https://www.arrow.com/en/products/esd5z12t1g/on-semiconductor</field>
        <field name="Height">0.7</field>
        <field name="Manufacturer_Name">ON Semiconductor</field>
        <field name="Manufacturer_Part_Number">ESD5Z12T1G</field>
        <field name="Mouser Part Number">863-ESD5Z12T1G</field>
        <field name="Mouser Price/Stock">https://www.mouser.co.uk/ProductDetail/ON-Semiconductor/ESD5Z12T1G?qs=2OtswVQKCOGXcPEz0%252Bii5A%3D%3D</field>
      </fields>
      <libsource lib="Vikings_passives" part="ESD5Z5.0T1G" description=""/>
      <sheetpath names="/" tstamps="/"/>
      <tstamp>60035EC3</tstamp>
    </comp>
    <comp ref="R8">
      <value>NC</value>
      <footprint>Resistor_SMD:R_0603_1608Metric</footprint>
      <datasheet>~</datasheet>
      <libsource lib="Device" part="R" description="Resistor"/>
      <sheetpath names="/" tstamps="/"/>
      <tstamp>60035ED9</tstamp>
    </comp>
    <comp ref="C14">
      <value>56 nF</value>
      <footprint>Capacitor_SMD:C_0603_1608Metric</footprint>
      <datasheet>~</datasheet>
      <libsource lib="Device" part="C" description="Unpolarized capacitor"/>
      <sheetpath names="/" tstamps="/"/>
      <tstamp>60035EEB</tstamp>
    </comp>
    <comp ref="C18">
      <value>33 nF</value>
      <footprint>Capacitor_SMD:C_0603_1608Metric</footprint>
      <datasheet>~</datasheet>
      <libsource lib="Device" part="C" description="Unpolarized capacitor"/>
      <sheetpath names="/" tstamps="/"/>
      <tstamp>60035EF1</tstamp>
    </comp>
    <comp ref="R16">
      <value>8.66k</value>
      <footprint>Resistor_SMD:R_0603_1608Metric</footprint>
      <datasheet>~</datasheet>
      <libsource lib="Device" part="R" description="Resistor"/>
      <sheetpath names="/" tstamps="/"/>
      <tstamp>60035EF7</tstamp>
    </comp>
    <comp ref="R12">
      <value>8.66k</value>
      <footprint>Resistor_SMD:R_0603_1608Metric</footprint>
      <datasheet>~</datasheet>
      <libsource lib="Device" part="R" description="Resistor"/>
      <sheetpath names="/" tstamps="/"/>
      <tstamp>60035EFD</tstamp>
    </comp>
    <comp ref="C22">
      <value>15 nF</value>
      <footprint>Capacitor_SMD:C_0603_1608Metric</footprint>
      <datasheet>~</datasheet>
      <libsource lib="Device" part="C" description="Unpolarized capacitor"/>
      <sheetpath names="/" tstamps="/"/>
      <tstamp>60035F13</tstamp>
    </comp>
    <comp ref="R23">
      <value>147 R</value>
      <footprint>Resistor_SMD:R_0603_1608Metric</footprint>
      <datasheet>~</datasheet>
      <libsource lib="Device" part="R" description="Resistor"/>
      <sheetpath names="/" tstamps="/"/>
      <tstamp>60035F19</tstamp>
    </comp>
    <comp ref="R2">
      <value>0R</value>
      <footprint>Resistor_SMD:R_0603_1608Metric</footprint>
      <datasheet>~</datasheet>
      <libsource lib="Device" part="R" description="Resistor"/>
      <sheetpath names="/" tstamps="/"/>
      <tstamp>601943BC</tstamp>
    </comp>
    <comp ref="R3">
      <value>0R</value>
      <footprint>Resistor_SMD:R_0603_1608Metric</footprint>
      <datasheet>~</datasheet>
      <libsource lib="Device" part="R" description="Resistor"/>
      <sheetpath names="/" tstamps="/"/>
      <tstamp>60195380</tstamp>
    </comp>
    <comp ref="R4">
      <value>0R</value>
      <footprint>Resistor_SMD:R_0603_1608Metric</footprint>
      <datasheet>~</datasheet>
      <libsource lib="Device" part="R" description="Resistor"/>
      <sheetpath names="/" tstamps="/"/>
      <tstamp>60195386</tstamp>
    </comp>
    <comp ref="C3">
      <value>100 nF</value>
      <footprint>Capacitor_SMD:C_0603_1608Metric</footprint>
      <datasheet>~</datasheet>
      <libsource lib="Device" part="C" description="Unpolarized capacitor"/>
      <sheetpath names="/" tstamps="/"/>
      <tstamp>60292182</tstamp>
    </comp>
    <comp ref="C7">
      <value>10 µF</value>
      <footprint>Capacitor_SMD:C_0805_2012Metric</footprint>
      <datasheet>~</datasheet>
      <libsource lib="Device" part="C" description="Unpolarized capacitor"/>
      <sheetpath names="/" tstamps="/"/>
      <tstamp>602948A3</tstamp>
    </comp>
    <comp ref="C4">
      <value>100 nF</value>
      <footprint>Capacitor_SMD:C_0603_1608Metric</footprint>
      <datasheet>~</datasheet>
      <libsource lib="Device" part="C" description="Unpolarized capacitor"/>
      <sheetpath names="/" tstamps="/"/>
      <tstamp>6033AFFC</tstamp>
    </comp>
    <comp ref="C8">
      <value>10 µF</value>
      <footprint>Capacitor_SMD:C_0805_2012Metric</footprint>
      <datasheet>~</datasheet>
      <libsource lib="Device" part="C" description="Unpolarized capacitor"/>
      <sheetpath names="/" tstamps="/"/>
      <tstamp>6033B002</tstamp>
    </comp>
    <comp ref="R20">
      <value>147 R</value>
      <footprint>Resistor_SMD:R_0603_1608Metric</footprint>
      <datasheet>~</datasheet>
      <libsource lib="Device" part="R" description="Resistor"/>
      <sheetpath names="/" tstamps="/"/>
      <tstamp>5FB060A0</tstamp>
    </comp>
    <comp ref="R22">
      <value>147 R</value>
      <footprint>Resistor_SMD:R_0603_1608Metric</footprint>
      <datasheet>~</datasheet>
      <libsource lib="Device" part="R" description="Resistor"/>
      <sheetpath names="/" tstamps="/"/>
      <tstamp>5FB3993F</tstamp>
    </comp>
    <comp ref="R17">
      <value>147 R</value>
      <footprint>Resistor_SMD:R_0603_1608Metric</footprint>
      <datasheet>~</datasheet>
      <libsource lib="Device" part="R" description="Resistor"/>
      <sheetpath names="/" tstamps="/"/>
      <tstamp>5F8A2F7F</tstamp>
    </comp>
    <comp ref="R18">
      <value>147 R</value>
      <footprint>Resistor_SMD:R_0603_1608Metric</footprint>
      <datasheet>~</datasheet>
      <libsource lib="Device" part="R" description="Resistor"/>
      <sheetpath names="/" tstamps="/"/>
      <tstamp>5FD2D33D</tstamp>
    </comp>
    <comp ref="R24">
      <value>147 R</value>
      <footprint>Resistor_SMD:R_0603_1608Metric</footprint>
      <datasheet>~</datasheet>
      <libsource lib="Device" part="R" description="Resistor"/>
      <sheetpath names="/" tstamps="/"/>
      <tstamp>5FD5F3A0</tstamp>
    </comp>
    <comp ref="J1">
      <value>Molex_53627-0274</value>
      <footprint>Vikings_connectors:Molex_536270274_flipped</footprint>
      <datasheet>http://www.molex.com/webdocs/datasheets/pdf/en-us//0536270274_PCB_HEADERS.pdf</datasheet>
      <fields>
        <field name="Description">MOLEX - 53627-0274 - CONN, STACKING, HEADER, 20POS, 0.635MM</field>
        <field name="Height">9.2</field>
        <field name="Manufacturer_Name">Molex</field>
        <field name="Manufacturer_Part_Number">53627-0274</field>
        <field name="Mouser Part Number">538-53627-0274</field>
        <field name="Mouser Price/Stock">https://www.mouser.com/Search/Refine.aspx?Keyword=538-53627-0274</field>
      </fields>
      <libsource lib="Vikings_connectors" part="Molex_53627-0274" description="MOLEX - 53627-0274 - CONN, STACKING, HEADER, 20POS, 0.635MM"/>
      <sheetpath names="/" tstamps="/"/>
      <tstamp>5FB05D8C</tstamp>
    </comp>
    <comp ref="J2">
      <value>Molex_53627-0474</value>
      <footprint>Vikings_connectors:Molex_536270474_flipped</footprint>
      <datasheet>http://www.mouser.com/datasheet/2/276/0550910474_PCB_HEADERS-144062.pdf</datasheet>
      <fields>
        <field name="Description">Molex 55091 Series, 0.635mm Pitch 40 Way 2 Row Vertical PCB Header, Solder Termination, 0.5A</field>
        <field name="Height">5.2</field>
        <field name="Manufacturer_Name">Molex</field>
        <field name="Manufacturer_Part_Number">55091-0474</field>
        <field name="Mouser Part Number">538-55091-0474</field>
        <field name="Mouser Price/Stock">https://www.mouser.co.uk/ProductDetail/Molex/55091-0474?qs=Xc4tFFrofSrjE9u%2FRRPtAQ%3D%3D</field>
      </fields>
      <libsource lib="Vikings_connectors" part="Molex_53627-0474" description="Molex 53627 Series, 0.635mm Pitch 40 Way 2 Row Vertical PCB Plug, Solder Termination, 0.5A"/>
      <sheetpath names="/" tstamps="/"/>
      <tstamp>5FADFAA6</tstamp>
    </comp>
  </components>
  <libparts>
    <libpart lib="Amplifier_Operational" part="NCS2325D">
      <aliases>
        <alias>OPA2197xD</alias>
        <alias>OPA2196xD</alias>
        <alias>AD8676xR</alias>
        <alias>OPA1692xD</alias>
        <alias>MCP6L02x-xSN</alias>
        <alias>NCS20072D</alias>
        <alias>OPA2156xD</alias>
      </aliases>
      <description>Dual operational amplifier, 50uV Offset, 0.25uV/C, 35uA Zero-Drift, SOIC-8</description>
      <docs>http://www.onsemi.com/PowerSolutions/document/NCS325-D.PDF</docs>
      <footprints>
        <fp>SOIC*3.9x4.9mm*P1.27mm*</fp>
      </footprints>
      <fields>
        <field name="Reference">U</field>
        <field name="Value">NCS2325D</field>
        <field name="Footprint">Package_SO:SOIC-8_3.9x4.9mm_P1.27mm</field>
      </fields>
      <pins>
        <pin num="1" name="~" type="output"/>
        <pin num="2" name="-" type="input"/>
        <pin num="3" name="+" type="input"/>
        <pin num="4" name="V-" type="power_in"/>
        <pin num="5" name="+" type="input"/>
        <pin num="6" name="-" type="input"/>
        <pin num="7" name="~" type="output"/>
        <pin num="8" name="V+" type="power_in"/>
      </pins>
    </libpart>
    <libpart lib="Device" part="C">
      <description>Unpolarized capacitor</description>
      <docs>~</docs>
      <footprints>
        <fp>C_*</fp>
      </footprints>
      <fields>
        <field name="Reference">C</field>
        <field name="Value">C</field>
      </fields>
      <pins>
        <pin num="1" name="~" type="passive"/>
        <pin num="2" name="~" type="passive"/>
      </pins>
    </libpart>
    <libpart lib="Device" part="R">
      <description>Resistor</description>
      <docs>~</docs>
      <footprints>
        <fp>R_*</fp>
      </footprints>
      <fields>
        <field name="Reference">R</field>
        <field name="Value">R</field>
      </fields>
      <pins>
        <pin num="1" name="~" type="passive"/>
        <pin num="2" name="~" type="passive"/>
      </pins>
    </libpart>
    <libpart lib="Vikings_actives" part="MCP3208-CI_SL">
      <description>12bit A-Dconverter,MCP3208-CI/SL TSSOP16</description>
      <docs>http://ww1.microchip.com/downloads/en/DeviceDoc/21298e.pdf</docs>
      <fields>
        <field name="Reference">IC</field>
        <field name="Value">MCP3208-CI_SL</field>
        <field name="Footprint">Vikings_devices:SOIC127P600X175-16N</field>
        <field name="Description">12bit A-Dconverter,MCP3208-CI/SL TSSOP16</field>
        <field name="Height">1.75</field>
        <field name="Manufacturer_Name">Microchip</field>
        <field name="Manufacturer_Part_Number">MCP3208-CI/SL</field>
        <field name="Arrow Part Number">MCP3208-CI/SL</field>
        <field name="Arrow Price/Stock">https://www.arrow.com/en/products/mcp3208-cisl/microchip-technology</field>
        <field name="Mouser Part Number">579-MCP3208CISL</field>
        <field name="Mouser Price/Stock">https://www.mouser.co.uk/ProductDetail/Microchip-Technology/MCP3208-CI-SL?qs=BYQkrObauitTKFi1HLZPqw%3D%3D</field>
      </fields>
      <pins>
        <pin num="1" name="CH0" type="passive"/>
        <pin num="2" name="CH1" type="passive"/>
        <pin num="3" name="CH2" type="passive"/>
        <pin num="4" name="CH3" type="passive"/>
        <pin num="5" name="CH4" type="passive"/>
        <pin num="6" name="CH5" type="passive"/>
        <pin num="7" name="CH6" type="passive"/>
        <pin num="8" name="CH7" type="passive"/>
        <pin num="9" name="DGND" type="power_in"/>
        <pin num="10" name="~CS~/SHDN" type="input"/>
        <pin num="11" name="DIN" type="input"/>
        <pin num="12" name="DOUT" type="output"/>
        <pin num="13" name="CLK" type="input"/>
        <pin num="14" name="AGND" type="power_in"/>
        <pin num="15" name="VREF" type="input"/>
        <pin num="16" name="VDD" type="power_in"/>
      </pins>
    </libpart>
    <libpart lib="Vikings_connectors" part="Molex_53627-0274">
      <description>MOLEX - 53627-0274 - CONN, STACKING, HEADER, 20POS, 0.635MM</description>
      <docs>http://www.molex.com/webdocs/datasheets/pdf/en-us//0536270274_PCB_HEADERS.pdf</docs>
      <fields>
        <field name="Reference">J</field>
        <field name="Value">Molex_53627-0274</field>
        <field name="Footprint">Vikings_connectors:Molex_536270274</field>
        <field name="Description">MOLEX - 53627-0274 - CONN, STACKING, HEADER, 20POS, 0.635MM</field>
        <field name="Height">9.2</field>
        <field name="Manufacturer_Name">Molex</field>
        <field name="Manufacturer_Part_Number">53627-0274</field>
        <field name="Mouser Part Number">538-53627-0274</field>
        <field name="Mouser Price/Stock">https://www.mouser.com/Search/Refine.aspx?Keyword=538-53627-0274</field>
      </fields>
      <pins>
        <pin num="1" name="1" type="passive"/>
        <pin num="2" name="2" type="passive"/>
        <pin num="3" name="3" type="passive"/>
        <pin num="4" name="4" type="passive"/>
        <pin num="5" name="5" type="passive"/>
        <pin num="6" name="6" type="passive"/>
        <pin num="7" name="7" type="passive"/>
        <pin num="8" name="8" type="passive"/>
        <pin num="9" name="9" type="passive"/>
        <pin num="10" name="10" type="passive"/>
        <pin num="11" name="11" type="passive"/>
        <pin num="12" name="12" type="passive"/>
        <pin num="13" name="13" type="passive"/>
        <pin num="14" name="14" type="passive"/>
        <pin num="15" name="15" type="passive"/>
        <pin num="16" name="16" type="passive"/>
        <pin num="17" name="17" type="passive"/>
        <pin num="18" name="18" type="passive"/>
        <pin num="19" name="19" type="passive"/>
        <pin num="20" name="20" type="passive"/>
        <pin num="MP1" name="MP1" type="passive"/>
        <pin num="MP2" name="MP2" type="passive"/>
      </pins>
    </libpart>
    <libpart lib="Vikings_connectors" part="Molex_53627-0474">
      <description>Molex 53627 Series, 0.635mm Pitch 40 Way 2 Row Vertical PCB Plug, Solder Termination, 0.5A</description>
      <docs>http://www.mouser.com/datasheet/2/276/0550910474_PCB_HEADERS-144062.pdf</docs>
      <fields>
        <field name="Reference">J</field>
        <field name="Value">Molex_53627-0474</field>
        <field name="Footprint">Vikings_connectors:Molex_536270474</field>
        <field name="Description">Molex 55091 Series, 0.635mm Pitch 40 Way 2 Row Vertical PCB Header, Solder Termination, 0.5A</field>
        <field name="Height">5.2</field>
        <field name="Manufacturer_Name">Molex</field>
        <field name="Manufacturer_Part_Number">55091-0474</field>
        <field name="Mouser Part Number">538-55091-0474</field>
        <field name="Mouser Price/Stock">https://www.mouser.co.uk/ProductDetail/Molex/55091-0474?qs=Xc4tFFrofSrjE9u%2FRRPtAQ%3D%3D</field>
      </fields>
      <pins>
        <pin num="1" name="1" type="passive"/>
        <pin num="2" name="2" type="passive"/>
        <pin num="3" name="3" type="passive"/>
        <pin num="4" name="4" type="passive"/>
        <pin num="5" name="5" type="passive"/>
        <pin num="6" name="6" type="passive"/>
        <pin num="7" name="7" type="passive"/>
        <pin num="8" name="8" type="passive"/>
        <pin num="9" name="9" type="passive"/>
        <pin num="10" name="10" type="passive"/>
        <pin num="11" name="11" type="passive"/>
        <pin num="12" name="12" type="passive"/>
        <pin num="13" name="13" type="passive"/>
        <pin num="14" name="14" type="passive"/>
        <pin num="15" name="15" type="passive"/>
        <pin num="16" name="16" type="passive"/>
        <pin num="17" name="17" type="passive"/>
        <pin num="18" name="18" type="passive"/>
        <pin num="19" name="19" type="passive"/>
        <pin num="20" name="20" type="passive"/>
        <pin num="21" name="21" type="passive"/>
        <pin num="22" name="22" type="passive"/>
        <pin num="23" name="23" type="passive"/>
        <pin num="24" name="24" type="passive"/>
        <pin num="25" name="25" type="passive"/>
        <pin num="26" name="26" type="passive"/>
        <pin num="27" name="27" type="passive"/>
        <pin num="28" name="28" type="passive"/>
        <pin num="29" name="29" type="passive"/>
        <pin num="30" name="30" type="passive"/>
        <pin num="31" name="31" type="passive"/>
        <pin num="32" name="32" type="passive"/>
        <pin num="33" name="33" type="passive"/>
        <pin num="34" name="34" type="passive"/>
        <pin num="35" name="35" type="passive"/>
        <pin num="36" name="36" type="passive"/>
        <pin num="37" name="37" type="passive"/>
        <pin num="38" name="38" type="passive"/>
        <pin num="39" name="39" type="passive"/>
        <pin num="40" name="40" type="passive"/>
        <pin num="MP1" name="MP1" type="passive"/>
        <pin num="MP2" name="MP2" type="passive"/>
      </pins>
    </libpart>
    <libpart lib="Vikings_passives" part="ESD5Z5.0T1G">
      <docs>http://www.onsemi.com/pub/Collateral/ESD5Z2.5T1-D.PDF</docs>
      <fields>
        <field name="Reference">D</field>
        <field name="Value">ESD5Z5.0T1G</field>
        <field name="Footprint">Vikings_devices:SODFL1608X70N</field>
        <field name="Height">0.7</field>
        <field name="Manufacturer_Name">ON Semiconductor</field>
        <field name="Manufacturer_Part_Number">ESD5Z12T1G</field>
        <field name="Arrow Part Number">ESD5Z12T1G</field>
        <field name="Arrow Price/Stock">https://www.arrow.com/en/products/esd5z12t1g/on-semiconductor</field>
        <field name="Mouser Part Number">863-ESD5Z12T1G</field>
        <field name="Mouser Price/Stock">https://www.mouser.co.uk/ProductDetail/ON-Semiconductor/ESD5Z12T1G?qs=2OtswVQKCOGXcPEz0%252Bii5A%3D%3D</field>
      </fields>
      <pins>
        <pin num="1" name="~" type="passive"/>
        <pin num="2" name="~" type="passive"/>
      </pins>
    </libpart>
  </libparts>
  <libraries>
    <library logical="Amplifier_Operational">
      <uri>D:\KiCAD_lib\kicad-symbols/Amplifier_Operational.lib</uri>
    </library>
    <library logical="Device">
      <uri>D:\KiCAD_lib\kicad-symbols/Device.lib</uri>
    </library>
    <library logical="Vikings_actives">
      <uri>C:\VIKINGS\Viking-X\KiCad_libraries/Schematic Components/Vikings_actives.lib</uri>
    </library>
    <library logical="Vikings_connectors">
      <uri>C:\VIKINGS\Viking-X\KiCad_libraries/Schematic Components/Vikings_connectors.lib</uri>
    </library>
    <library logical="Vikings_passives">
      <uri>C:\VIKINGS\Viking-X\KiCad_libraries/Schematic Components/Vikings_passives.lib</uri>
    </library>
  </libraries>
  <nets>
    <net code="1" name="+5V">
      <node ref="J2" pin="23"/>
      <node ref="J2" pin="24"/>
      <node ref="C4" pin="2"/>
      <node ref="U2" pin="8"/>
      <node ref="C3" pin="2"/>
      <node ref="C7" pin="2"/>
      <node ref="U1" pin="16"/>
      <node ref="U1" pin="15"/>
      <node ref="J1" pin="18"/>
      <node ref="J1" pin="17"/>
      <node ref="R1" pin="1"/>
      <node ref="R3" pin="1"/>
      <node ref="U3" pin="8"/>
      <node ref="C8" pin="2"/>
      <node ref="C2" pin="2"/>
      <node ref="C1" pin="2"/>
    </net>
    <net code="2" name="GND">
      <node ref="D1" pin="2"/>
      <node ref="C18" pin="2"/>
      <node ref="C17" pin="2"/>
      <node ref="D4" pin="2"/>
      <node ref="J2" pin="20"/>
      <node ref="J2" pin="21"/>
      <node ref="J2" pin="22"/>
      <node ref="U2" pin="4"/>
      <node ref="C2" pin="1"/>
      <node ref="C1" pin="1"/>
      <node ref="C15" pin="2"/>
      <node ref="J2" pin="2"/>
      <node ref="D2" pin="2"/>
      <node ref="J1" pin="20"/>
      <node ref="J1" pin="12"/>
      <node ref="R5" pin="2"/>
      <node ref="J2" pin="1"/>
      <node ref="J1" pin="19"/>
      <node ref="J1" pin="11"/>
      <node ref="J2" pin="34"/>
      <node ref="J2" pin="33"/>
      <node ref="U1" pin="9"/>
      <node ref="U1" pin="14"/>
      <node ref="J2" pin="19"/>
      <node ref="R22" pin="2"/>
      <node ref="R4" pin="1"/>
      <node ref="R20" pin="2"/>
      <node ref="D3" pin="2"/>
      <node ref="R2" pin="1"/>
      <node ref="C16" pin="2"/>
      <node ref="R8" pin="2"/>
      <node ref="R24" pin="2"/>
      <node ref="R7" pin="2"/>
      <node ref="C7" pin="1"/>
      <node ref="C3" pin="1"/>
      <node ref="U3" pin="4"/>
      <node ref="R6" pin="2"/>
      <node ref="C8" pin="1"/>
      <node ref="R18" pin="2"/>
      <node ref="C4" pin="1"/>
    </net>
    <net code="3" name="/CS0_P">
      <node ref="C19" pin="1"/>
      <node ref="R17" pin="1"/>
      <node ref="U1" pin="1"/>
    </net>
    <net code="4" name="/CS1_N">
      <node ref="R20" pin="1"/>
      <node ref="U1" pin="4"/>
      <node ref="C20" pin="2"/>
    </net>
    <net code="5" name="Net-(J2-Pad16)">
      <node ref="J2" pin="16"/>
    </net>
    <net code="6" name="Net-(J2-Pad29)">
      <node ref="J2" pin="29"/>
    </net>
    <net code="7" name="Net-(J2-Pad27)">
      <node ref="J2" pin="27"/>
    </net>
    <net code="8" name="Net-(J2-Pad25)">
      <node ref="J2" pin="25"/>
    </net>
    <net code="9" name="Net-(J2-Pad17)">
      <node ref="J2" pin="17"/>
    </net>
    <net code="10" name="Net-(J2-Pad15)">
      <node ref="J2" pin="15"/>
    </net>
    <net code="11" name="Net-(J2-Pad9)">
      <node ref="J2" pin="9"/>
    </net>
    <net code="12" name="Net-(J2-Pad7)">
      <node ref="J2" pin="7"/>
    </net>
    <net code="13" name="Net-(J2-Pad8)">
      <node ref="J2" pin="8"/>
    </net>
    <net code="14" name="Net-(J2-Pad10)">
      <node ref="J2" pin="10"/>
    </net>
    <net code="15" name="Net-(J2-Pad31)">
      <node ref="J2" pin="31"/>
    </net>
    <net code="16" name="Net-(J2-Pad18)">
      <node ref="J2" pin="18"/>
    </net>
    <net code="17" name="Net-(J2-Pad38)">
      <node ref="J2" pin="38"/>
    </net>
    <net code="18" name="Net-(J2-Pad36)">
      <node ref="J2" pin="36"/>
    </net>
    <net code="19" name="Net-(J2-Pad32)">
      <node ref="J2" pin="32"/>
    </net>
    <net code="20" name="Net-(J2-Pad37)">
      <node ref="J2" pin="37"/>
    </net>
    <net code="21" name="Net-(J2-Pad35)">
      <node ref="J2" pin="35"/>
    </net>
    <net code="22" name="/A3_N">
      <node ref="C22" pin="2"/>
      <node ref="U1" pin="8"/>
      <node ref="R24" pin="1"/>
    </net>
    <net code="23" name="/CoolSensor0">
      <node ref="R9" pin="2"/>
      <node ref="R5" pin="1"/>
      <node ref="D1" pin="1"/>
      <node ref="J1" pin="2"/>
    </net>
    <net code="24" name="Net-(J2-PadMP1)">
      <node ref="J2" pin="MP1"/>
    </net>
    <net code="25" name="/AuxSensor3Supply">
      <node ref="J1" pin="15"/>
      <node ref="R3" pin="2"/>
    </net>
    <net code="26" name="Net-(J2-PadMP2)">
      <node ref="J2" pin="MP2"/>
    </net>
    <net code="27" name="/AuxSensor3Ground">
      <node ref="R4" pin="2"/>
      <node ref="J1" pin="5"/>
    </net>
    <net code="28" name="/AuxSensor3">
      <node ref="D4" pin="1"/>
      <node ref="R12" pin="2"/>
      <node ref="R8" pin="1"/>
      <node ref="J1" pin="16"/>
    </net>
    <net code="29" name="/AuxSensor2Ground">
      <node ref="R2" pin="2"/>
      <node ref="J1" pin="3"/>
    </net>
    <net code="30" name="/AuxSensor2Supply">
      <node ref="R1" pin="2"/>
      <node ref="J1" pin="7"/>
    </net>
    <net code="31" name="/AuxSensor2">
      <node ref="D3" pin="1"/>
      <node ref="R11" pin="2"/>
      <node ref="R7" pin="1"/>
      <node ref="J1" pin="6"/>
    </net>
    <net code="32" name="/CoolSensor1">
      <node ref="R10" pin="2"/>
      <node ref="R6" pin="1"/>
      <node ref="J1" pin="4"/>
      <node ref="D2" pin="1"/>
    </net>
    <net code="33" name="Net-(J1-Pad14)">
      <node ref="J1" pin="14"/>
    </net>
    <net code="34" name="Net-(J2-Pad4)">
      <node ref="J2" pin="4"/>
    </net>
    <net code="35" name="Net-(J2-Pad6)">
      <node ref="J2" pin="6"/>
    </net>
    <net code="36" name="Net-(J2-Pad12)">
      <node ref="J2" pin="12"/>
    </net>
    <net code="37" name="Net-(J2-Pad14)">
      <node ref="J2" pin="14"/>
    </net>
    <net code="38" name="Net-(J2-Pad26)">
      <node ref="J2" pin="26"/>
    </net>
    <net code="39" name="Net-(J2-Pad28)">
      <node ref="J2" pin="28"/>
    </net>
    <net code="40" name="Net-(J2-Pad30)">
      <node ref="J2" pin="30"/>
    </net>
    <net code="41" name="Net-(J1-Pad13)">
      <node ref="J1" pin="13"/>
    </net>
    <net code="42" name="Net-(J2-Pad40)">
      <node ref="J2" pin="40"/>
    </net>
    <net code="43" name="Net-(J2-Pad39)">
      <node ref="J2" pin="39"/>
    </net>
    <net code="44" name="Net-(J1-Pad10)">
      <node ref="J1" pin="10"/>
    </net>
    <net code="45" name="Net-(J1-Pad9)">
      <node ref="J1" pin="9"/>
    </net>
    <net code="46" name="Net-(J1-Pad8)">
      <node ref="J1" pin="8"/>
    </net>
    <net code="47" name="Net-(J1-Pad1)">
      <node ref="J1" pin="1"/>
    </net>
    <net code="48" name="Net-(J1-PadMP1)">
      <node ref="J1" pin="MP1"/>
    </net>
    <net code="49" name="Net-(J1-PadMP2)">
      <node ref="J1" pin="MP2"/>
    </net>
    <net code="50" name="/CS0_N">
      <node ref="R18" pin="1"/>
      <node ref="C19" pin="2"/>
      <node ref="U1" pin="2"/>
    </net>
    <net code="51" name="/A3_P">
      <node ref="U1" pin="7"/>
      <node ref="R23" pin="1"/>
      <node ref="C22" pin="1"/>
    </net>
    <net code="52" name="Net-(C15-Pad1)">
      <node ref="C15" pin="1"/>
      <node ref="U2" pin="3"/>
      <node ref="R13" pin="1"/>
    </net>
    <net code="53" name="Net-(C11-Pad1)">
      <node ref="U2" pin="1"/>
      <node ref="U2" pin="2"/>
      <node ref="R17" pin="2"/>
      <node ref="C11" pin="1"/>
    </net>
    <net code="54" name="Net-(C11-Pad2)">
      <node ref="C11" pin="2"/>
      <node ref="R9" pin="1"/>
      <node ref="R13" pin="2"/>
    </net>
    <net code="55" name="/SPI_CS">
      <node ref="U1" pin="10"/>
      <node ref="J2" pin="3"/>
    </net>
    <net code="56" name="/SPI_IN">
      <node ref="U1" pin="11"/>
      <node ref="J2" pin="5"/>
    </net>
    <net code="57" name="/SPI_OUT">
      <node ref="J2" pin="11"/>
      <node ref="U1" pin="12"/>
    </net>
    <net code="58" name="/SPI_CLK">
      <node ref="J2" pin="13"/>
      <node ref="U1" pin="13"/>
    </net>
    <net code="59" name="/CS1_P">
      <node ref="R19" pin="1"/>
      <node ref="U1" pin="3"/>
      <node ref="C20" pin="1"/>
    </net>
    <net code="60" name="/A2_N">
      <node ref="C21" pin="2"/>
      <node ref="U1" pin="6"/>
      <node ref="R22" pin="1"/>
    </net>
    <net code="61" name="/A2_P">
      <node ref="R21" pin="1"/>
      <node ref="C21" pin="1"/>
      <node ref="U1" pin="5"/>
    </net>
    <net code="62" name="Net-(C17-Pad1)">
      <node ref="U3" pin="3"/>
      <node ref="C17" pin="1"/>
      <node ref="R15" pin="1"/>
    </net>
    <net code="63" name="Net-(C13-Pad2)">
      <node ref="R15" pin="2"/>
      <node ref="R11" pin="1"/>
      <node ref="C13" pin="2"/>
    </net>
    <net code="64" name="Net-(C13-Pad1)">
      <node ref="C13" pin="1"/>
      <node ref="U3" pin="2"/>
      <node ref="U3" pin="1"/>
      <node ref="R21" pin="2"/>
    </net>
    <net code="65" name="Net-(C18-Pad1)">
      <node ref="U3" pin="5"/>
      <node ref="R16" pin="1"/>
      <node ref="C18" pin="1"/>
    </net>
    <net code="66" name="Net-(C14-Pad2)">
      <node ref="R12" pin="1"/>
      <node ref="R16" pin="2"/>
      <node ref="C14" pin="2"/>
    </net>
    <net code="67" name="Net-(C14-Pad1)">
      <node ref="C14" pin="1"/>
      <node ref="R23" pin="2"/>
      <node ref="U3" pin="6"/>
      <node ref="U3" pin="7"/>
    </net>
    <net code="68" name="Net-(C16-Pad1)">
      <node ref="R14" pin="1"/>
      <node ref="U2" pin="5"/>
      <node ref="C16" pin="1"/>
    </net>
    <net code="69" name="Net-(C12-Pad1)">
      <node ref="C12" pin="1"/>
      <node ref="R19" pin="2"/>
      <node ref="U2" pin="6"/>
      <node ref="U2" pin="7"/>
    </net>
    <net code="70" name="Net-(C12-Pad2)">
      <node ref="R10" pin="1"/>
      <node ref="R14" pin="2"/>
      <node ref="C12" pin="2"/>
    </net>
  </nets>
</export>
